{"cameraMode":{"drawMode":0,"name":"Shaded","section":"Shading Mode"},"sceneLighting":false,"audioPlay":false,"sceneViewState":{"showFog":true,"showMaterialUpdate":false,"showSkybox":false,"showFlares":true,"showImageEffects":true,"showParticleSystems":true},"in2DMode":false,"pivot":{"x":-1.110648512840271,"y":-51.393768310546878,"z":191.30958557128907},"rotation":{"x":0.10421483218669892,"y":-0.0056708394549787048,"z":0.0005830387235619128,"w":0.9945975542068481},"size":257.5263977050781,"orthographic":false}