{"cameraMode":{"drawMode":0,"name":"Shaded","section":"Shading Mode"},"sceneLighting":false,"audioPlay":false,"sceneViewState":{"showFog":true,"showMaterialUpdate":false,"showSkybox":false,"showFlares":true,"showImageEffects":true,"showParticleSystems":true},"in2DMode":false,"pivot":{"x":8.857142448425293,"y":-25.831192016601564,"z":-41.05739212036133},"rotation":{"x":-0.015145559795200825,"y":-0.983688473701477,"z":0.14927372336387635,"w":-0.09979461878538132},"size":97.48432159423828,"orthographic":false}